



INSERT INTO FAMILIES (FAMILYID, FAMILYNAME) VALUES (1, '近衛');
INSERT INTO FAMILIES (FAMILYID, FAMILYNAME) VALUES (2, '九条');
INSERT INTO FAMILIES (FAMILYID, FAMILYNAME) VALUES (3, '三条');
INSERT INTO FAMILIES (FAMILYID, FAMILYNAME) VALUES (4, '西園');
INSERT INTO FAMILIES (FAMILYID, FAMILYNAME) VALUES (5, '花山院');
INSERT INTO FAMILIES (FAMILYID, FAMILYNAME) VALUES (6, '大炊御門');
INSERT INTO FAMILIES (FAMILYID, FAMILYNAME) VALUES (7, '坊門');
INSERT INTO FAMILIES (FAMILYID, FAMILYNAME) VALUES (8, '持明院');
INSERT INTO FAMILIES (FAMILYID, FAMILYNAME) VALUES (9, '園');
INSERT INTO FAMILIES (FAMILYID, FAMILYNAME) VALUES (10,'御子左');


INSERT INTO USERS (USERID, USERNAME, PASSWORD) VALUES ('test1', '従道', '');
INSERT INTO USERS (USERID, USERNAME, PASSWORD) VALUES ('test2', '権兵衛', '');
INSERT INTO USERS (USERID, USERNAME, PASSWORD) VALUES ('test3', '平八郎', '');
INSERT INTO USERS (USERID, USERNAME, PASSWORD) VALUES ('test4', '干城', '');
INSERT INTO USERS (USERID, USERNAME, PASSWORD) VALUES ('test5', '希典', '');
INSERT INTO USERS (USERID, USERNAME, PASSWORD) VALUES ('test6', '源太郎', '');
INSERT INTO USERS (USERID, USERNAME, PASSWORD) VALUES ('test7', '外史', '');
INSERT INTO USERS (USERID, USERNAME, PASSWORD) VALUES ('test8', '顕義', '');
INSERT INTO USERS (USERID, USERNAME, PASSWORD) VALUES ('test9', '泰王', '');
INSERT INTO USERS (USERID, USERNAME, PASSWORD) VALUES ('test10', '与十郎', '');
INSERT INTO USERS (USERID, USERNAME, PASSWORD) VALUES ('test11', '冬一郎', '');


INSERT INTO FRIENDLY (USERID, FAMILYID) VALUES ('test1', 1);
INSERT INTO FRIENDLY (USERID, FAMILYID) VALUES ('test2', 5);
INSERT INTO FRIENDLY (USERID, FAMILYID) VALUES ('test3', 2);
INSERT INTO FRIENDLY (USERID, FAMILYID) VALUES ('test4', 3);
INSERT INTO FRIENDLY (USERID, FAMILYID) VALUES ('test5', 1);
INSERT INTO FRIENDLY (USERID, FAMILYID) VALUES ('test6', 2);
INSERT INTO FRIENDLY (USERID, FAMILYID) VALUES ('test6', 9);
INSERT INTO FRIENDLY (USERID, FAMILYID) VALUES ('test7', 10);
INSERT INTO FRIENDLY (USERID, FAMILYID) VALUES ('test7', 4);
INSERT INTO FRIENDLY (USERID, FAMILYID) VALUES ('test8', 5);
INSERT INTO FRIENDLY (USERID, FAMILYID) VALUES ('test8', 9);
INSERT INTO FRIENDLY (USERID, FAMILYID) VALUES ('test9', 3);
INSERT INTO FRIENDLY (USERID, FAMILYID) VALUES ('test9', 6);
INSERT INTO FRIENDLY (USERID, FAMILYID) VALUES ('test10', 7);
INSERT INTO FRIENDLY (USERID, FAMILYID) VALUES ('test11', 8);

